--
-- PostgreSQL database dump
--

\restrict eANTWIETExb8zrkFaeHvgZQoTrHvlafpLKBsifsm1Pw09JVGg53mP1kDw7BjQTc

-- Dumped from database version 15.15 (Debian 15.15-1.pgdg13+1)
-- Dumped by pg_dump version 15.15 (Debian 15.15-1.pgdg13+1)

SET statement_timeout = 0;
SET lock_timeout = 0;
SET idle_in_transaction_session_timeout = 0;
SET client_encoding = 'UTF8';
SET standard_conforming_strings = on;
SELECT pg_catalog.set_config('search_path', '', false);
SET check_function_bodies = false;
SET xmloption = content;
SET client_min_messages = warning;
SET row_security = off;

--
-- Name: uuid-ossp; Type: EXTENSION; Schema: -; Owner: -
--

CREATE EXTENSION IF NOT EXISTS "uuid-ossp" WITH SCHEMA public;


--
-- Name: EXTENSION "uuid-ossp"; Type: COMMENT; Schema: -; Owner: 
--

COMMENT ON EXTENSION "uuid-ossp" IS 'generate universally unique identifiers (UUIDs)';


SET default_tablespace = '';

SET default_table_access_method = heap;

--
-- Name: auth_group; Type: TABLE; Schema: public; Owner: tigran
--

CREATE  TABLE public.auth_group (
    id integer NOT NULL,
    name character varying(150) NOT NULL
);


ALTER TABLE public.auth_group OWNER TO tigran;

--
-- Name: auth_group_id_seq; Type: SEQUENCE; Schema: public; Owner: tigran
--

ALTER TABLE public.auth_group ALTER COLUMN id ADD GENERATED BY DEFAULT AS IDENTITY (
    SEQUENCE NAME public.auth_group_id_seq
    START WITH 1
    INCREMENT BY 1
    NO MINVALUE
    NO MAXVALUE
    CACHE 1
);


--
-- Name: auth_group_permissions; Type: TABLE; Schema: public; Owner: tigran
--

CREATE TABLE public.auth_group_permissions (
    id bigint NOT NULL,
    group_id integer NOT NULL,
    permission_id integer NOT NULL
);


ALTER TABLE public.auth_group_permissions OWNER TO tigran;

--
-- Name: auth_group_permissions_id_seq; Type: SEQUENCE; Schema: public; Owner: tigran
--

ALTER TABLE public.auth_group_permissions ALTER COLUMN id ADD GENERATED BY DEFAULT AS IDENTITY (
    SEQUENCE NAME public.auth_group_permissions_id_seq
    START WITH 1
    INCREMENT BY 1
    NO MINVALUE
    NO MAXVALUE
    CACHE 1
);


--
-- Name: auth_permission; Type: TABLE; Schema: public; Owner: tigran
--

CREATE TABLE public.auth_permission (
    id integer NOT NULL,
    name character varying(255) NOT NULL,
    content_type_id integer NOT NULL,
    codename character varying(100) NOT NULL
);


ALTER TABLE public.auth_permission OWNER TO tigran;

--
-- Name: auth_permission_id_seq; Type: SEQUENCE; Schema: public; Owner: tigran
--

ALTER TABLE public.auth_permission ALTER COLUMN id ADD GENERATED BY DEFAULT AS IDENTITY (
    SEQUENCE NAME public.auth_permission_id_seq
    START WITH 1
    INCREMENT BY 1
    NO MINVALUE
    NO MAXVALUE
    CACHE 1
);


--
-- Name: auth_user; Type: TABLE; Schema: public; Owner: tigran
--

CREATE TABLE public.auth_user (
    id integer NOT NULL,
    password character varying(128) NOT NULL,
    last_login timestamp with time zone,
    is_superuser boolean NOT NULL,
    username character varying(150) NOT NULL,
    first_name character varying(150) NOT NULL,
    last_name character varying(150) NOT NULL,
    email character varying(254) NOT NULL,
    is_staff boolean NOT NULL,
    is_active boolean NOT NULL,
    date_joined timestamp with time zone NOT NULL
);


ALTER TABLE public.auth_user OWNER TO tigran;

--
-- Name: auth_user_groups; Type: TABLE; Schema: public; Owner: tigran
--

CREATE TABLE public.auth_user_groups (
    id bigint NOT NULL,
    user_id integer NOT NULL,
    group_id integer NOT NULL
);


ALTER TABLE public.auth_user_groups OWNER TO tigran;

--
-- Name: auth_user_groups_id_seq; Type: SEQUENCE; Schema: public; Owner: tigran
--

ALTER TABLE public.auth_user_groups ALTER COLUMN id ADD GENERATED BY DEFAULT AS IDENTITY (
    SEQUENCE NAME public.auth_user_groups_id_seq
    START WITH 1
    INCREMENT BY 1
    NO MINVALUE
    NO MAXVALUE
    CACHE 1
);


--
-- Name: auth_user_id_seq; Type: SEQUENCE; Schema: public; Owner: tigran
--

ALTER TABLE public.auth_user ALTER COLUMN id ADD GENERATED BY DEFAULT AS IDENTITY (
    SEQUENCE NAME public.auth_user_id_seq
    START WITH 1
    INCREMENT BY 1
    NO MINVALUE
    NO MAXVALUE
    CACHE 1
);


--
-- Name: auth_user_user_permissions; Type: TABLE; Schema: public; Owner: tigran
--

CREATE TABLE public.auth_user_user_permissions (
    id bigint NOT NULL,
    user_id integer NOT NULL,
    permission_id integer NOT NULL
);


ALTER TABLE public.auth_user_user_permissions OWNER TO tigran;

--
-- Name: auth_user_user_permissions_id_seq; Type: SEQUENCE; Schema: public; Owner: tigran
--

ALTER TABLE public.auth_user_user_permissions ALTER COLUMN id ADD GENERATED BY DEFAULT AS IDENTITY (
    SEQUENCE NAME public.auth_user_user_permissions_id_seq
    START WITH 1
    INCREMENT BY 1
    NO MINVALUE
    NO MAXVALUE
    CACHE 1
);


--
-- Name: authtoken_token; Type: TABLE; Schema: public; Owner: tigran
--

CREATE TABLE public.authtoken_token (
    key character varying(40) NOT NULL,
    created timestamp with time zone NOT NULL,
    user_id integer NOT NULL
);


ALTER TABLE public.authtoken_token OWNER TO tigran;

--
-- Name: django_admin_log; Type: TABLE; Schema: public; Owner: tigran
--

CREATE TABLE public.django_admin_log (
    id integer NOT NULL,
    action_time timestamp with time zone NOT NULL,
    object_id text,
    object_repr character varying(200) NOT NULL,
    action_flag smallint NOT NULL,
    change_message text NOT NULL,
    content_type_id integer,
    user_id integer NOT NULL,
    CONSTRAINT django_admin_log_action_flag_check CHECK ((action_flag >= 0))
);


ALTER TABLE public.django_admin_log OWNER TO tigran;

--
-- Name: django_admin_log_id_seq; Type: SEQUENCE; Schema: public; Owner: tigran
--

ALTER TABLE public.django_admin_log ALTER COLUMN id ADD GENERATED BY DEFAULT AS IDENTITY (
    SEQUENCE NAME public.django_admin_log_id_seq
    START WITH 1
    INCREMENT BY 1
    NO MINVALUE
    NO MAXVALUE
    CACHE 1
);


--
-- Name: django_content_type; Type: TABLE; Schema: public; Owner: tigran
--

CREATE TABLE public.django_content_type (
    id integer NOT NULL,
    app_label character varying(100) NOT NULL,
    model character varying(100) NOT NULL
);


ALTER TABLE public.django_content_type OWNER TO tigran;

--
-- Name: django_content_type_id_seq; Type: SEQUENCE; Schema: public; Owner: tigran
--

ALTER TABLE public.django_content_type ALTER COLUMN id ADD GENERATED BY DEFAULT AS IDENTITY (
    SEQUENCE NAME public.django_content_type_id_seq
    START WITH 1
    INCREMENT BY 1
    NO MINVALUE
    NO MAXVALUE
    CACHE 1
);


--
-- Name: django_migrations; Type: TABLE; Schema: public; Owner: tigran
--

CREATE TABLE public.django_migrations (
    id bigint NOT NULL,
    app character varying(255) NOT NULL,
    name character varying(255) NOT NULL,
    applied timestamp with time zone NOT NULL
);


ALTER TABLE public.django_migrations OWNER TO tigran;

--
-- Name: django_migrations_id_seq; Type: SEQUENCE; Schema: public; Owner: tigran
--

ALTER TABLE public.django_migrations ALTER COLUMN id ADD GENERATED BY DEFAULT AS IDENTITY (
    SEQUENCE NAME public.django_migrations_id_seq
    START WITH 1
    INCREMENT BY 1
    NO MINVALUE
    NO MAXVALUE
    CACHE 1
);


--
-- Name: django_session; Type: TABLE; Schema: public; Owner: tigran
--

CREATE TABLE public.django_session (
    session_key character varying(40) NOT NULL,
    session_data text NOT NULL,
    expire_date timestamp with time zone NOT NULL
);


ALTER TABLE public.django_session OWNER TO tigran;

--
-- Name: documents_auditlog; Type: TABLE; Schema: public; Owner: tigran
--

CREATE TABLE public.documents_auditlog (
    id bigint NOT NULL,
    action character varying(100) NOT NULL,
    "timestamp" timestamp with time zone NOT NULL,
    details text,
    document_id bigint NOT NULL,
    user_id integer
);


ALTER TABLE public.documents_auditlog OWNER TO tigran;

--
-- Name: documents_auditlog_id_seq; Type: SEQUENCE; Schema: public; Owner: tigran
--

ALTER TABLE public.documents_auditlog ALTER COLUMN id ADD GENERATED BY DEFAULT AS IDENTITY (
    SEQUENCE NAME public.documents_auditlog_id_seq
    START WITH 1
    INCREMENT BY 1
    NO MINVALUE
    NO MAXVALUE
    CACHE 1
);


--
-- Name: documents_confidentialitylevel; Type: TABLE; Schema: public; Owner: tigran
--

CREATE TABLE public.documents_confidentialitylevel (
    id bigint NOT NULL,
    name character varying(100) NOT NULL,
    code character varying(50) NOT NULL
);


ALTER TABLE public.documents_confidentialitylevel OWNER TO tigran;

--
-- Name: documents_confidentialitylevel_id_seq; Type: SEQUENCE; Schema: public; Owner: tigran
--

ALTER TABLE public.documents_confidentialitylevel ALTER COLUMN id ADD GENERATED BY DEFAULT AS IDENTITY (
    SEQUENCE NAME public.documents_confidentialitylevel_id_seq
    START WITH 1
    INCREMENT BY 1
    NO MINVALUE
    NO MAXVALUE
    CACHE 1
);


--
-- Name: documents_department; Type: TABLE; Schema: public; Owner: tigran
--

CREATE TABLE public.documents_department (
    id bigint NOT NULL,
    name character varying(150) NOT NULL,
    description text
);


ALTER TABLE public.documents_department OWNER TO tigran;

--
-- Name: documents_department_id_seq; Type: SEQUENCE; Schema: public; Owner: tigran
--

ALTER TABLE public.documents_department ALTER COLUMN id ADD GENERATED BY DEFAULT AS IDENTITY (
    SEQUENCE NAME public.documents_department_id_seq
    START WITH 1
    INCREMENT BY 1
    NO MINVALUE
    NO MAXVALUE
    CACHE 1
);


--
-- Name: documents_document; Type: TABLE; Schema: public; Owner: tigran
--

CREATE TABLE public.documents_document (
    id bigint NOT NULL,
    title character varying(255) NOT NULL,
    description text,
    created_at timestamp with time zone NOT NULL,
    updated_at timestamp with time zone NOT NULL,
    due_date date,
    creator_id integer NOT NULL,
    current_owner_id integer,
    department_id bigint,
    document_type_id bigint NOT NULL,
    status_id bigint NOT NULL,
    external_reference character varying(100),
    confidentiality_level_id bigint
);


ALTER TABLE public.documents_document OWNER TO tigran;

--
-- Name: documents_document_id_seq; Type: SEQUENCE; Schema: public; Owner: tigran
--

ALTER TABLE public.documents_document ALTER COLUMN id ADD GENERATED BY DEFAULT AS IDENTITY (
    SEQUENCE NAME public.documents_document_id_seq
    START WITH 1
    INCREMENT BY 1
    NO MINVALUE
    NO MAXVALUE
    CACHE 1
);


--
-- Name: documents_documentstatus; Type: TABLE; Schema: public; Owner: tigran
--

CREATE TABLE public.documents_documentstatus (
    id bigint NOT NULL,
    name character varying(100) NOT NULL,
    code character varying(50) NOT NULL
);


ALTER TABLE public.documents_documentstatus OWNER TO tigran;

--
-- Name: documents_documentstatus_id_seq; Type: SEQUENCE; Schema: public; Owner: tigran
--

ALTER TABLE public.documents_documentstatus ALTER COLUMN id ADD GENERATED BY DEFAULT AS IDENTITY (
    SEQUENCE NAME public.documents_documentstatus_id_seq
    START WITH 1
    INCREMENT BY 1
    NO MINVALUE
    NO MAXVALUE
    CACHE 1
);


--
-- Name: documents_documenttype; Type: TABLE; Schema: public; Owner: tigran
--

CREATE TABLE public.documents_documenttype (
    id bigint NOT NULL,
    name character varying(150) NOT NULL,
    code character varying(50) NOT NULL
);


ALTER TABLE public.documents_documenttype OWNER TO tigran;

--
-- Name: documents_documenttype_id_seq; Type: SEQUENCE; Schema: public; Owner: tigran
--

ALTER TABLE public.documents_documenttype ALTER COLUMN id ADD GENERATED BY DEFAULT AS IDENTITY (
    SEQUENCE NAME public.documents_documenttype_id_seq
    START WITH 1
    INCREMENT BY 1
    NO MINVALUE
    NO MAXVALUE
    CACHE 1
);


--
-- Name: documents_notification; Type: TABLE; Schema: public; Owner: tigran
--

CREATE TABLE public.documents_notification (
    id bigint NOT NULL,
    is_read boolean NOT NULL,
    created_at timestamp with time zone NOT NULL,
    payload text,
    document_id bigint,
    notification_type_id bigint NOT NULL,
    user_id integer NOT NULL
);


ALTER TABLE public.documents_notification OWNER TO tigran;

--
-- Name: documents_notification_id_seq; Type: SEQUENCE; Schema: public; Owner: tigran
--

ALTER TABLE public.documents_notification ALTER COLUMN id ADD GENERATED BY DEFAULT AS IDENTITY (
    SEQUENCE NAME public.documents_notification_id_seq
    START WITH 1
    INCREMENT BY 1
    NO MINVALUE
    NO MAXVALUE
    CACHE 1
);


--
-- Name: documents_notificationtype; Type: TABLE; Schema: public; Owner: tigran
--

CREATE TABLE public.documents_notificationtype (
    id bigint NOT NULL,
    name character varying(100) NOT NULL,
    code character varying(50) NOT NULL
);


ALTER TABLE public.documents_notificationtype OWNER TO tigran;

--
-- Name: documents_notificationtype_id_seq; Type: SEQUENCE; Schema: public; Owner: tigran
--

ALTER TABLE public.documents_notificationtype ALTER COLUMN id ADD GENERATED BY DEFAULT AS IDENTITY (
    SEQUENCE NAME public.documents_notificationtype_id_seq
    START WITH 1
    INCREMENT BY 1
    NO MINVALUE
    NO MAXVALUE
    CACHE 1
);


--
-- Name: documents_userprofile; Type: TABLE; Schema: public; Owner: tigran
--

CREATE TABLE public.documents_userprofile (
    id bigint NOT NULL,
    role character varying(20) NOT NULL,
    department_id bigint,
    user_id integer NOT NULL,
    full_name character varying(150) NOT NULL
);


ALTER TABLE public.documents_userprofile OWNER TO tigran;

--
-- Name: documents_userprofile_id_seq; Type: SEQUENCE; Schema: public; Owner: tigran
--

ALTER TABLE public.documents_userprofile ALTER COLUMN id ADD GENERATED BY DEFAULT AS IDENTITY (
    SEQUENCE NAME public.documents_userprofile_id_seq
    START WITH 1
    INCREMENT BY 1
    NO MINVALUE
    NO MAXVALUE
    CACHE 1
);


--
-- Data for Name: auth_group; Type: TABLE DATA; Schema: public; Owner: tigran
--

COPY public.auth_group (id, name) FROM stdin;
\.


--
-- Data for Name: auth_group_permissions; Type: TABLE DATA; Schema: public; Owner: tigran
--

COPY public.auth_group_permissions (id, group_id, permission_id) FROM stdin;
\.


--
-- Data for Name: auth_permission; Type: TABLE DATA; Schema: public; Owner: tigran
--

COPY public.auth_permission (id, name, content_type_id, codename) FROM stdin;
1	Can add log entry	1	add_logentry
2	Can change log entry	1	change_logentry
3	Can delete log entry	1	delete_logentry
4	Can view log entry	1	view_logentry
5	Can add permission	2	add_permission
6	Can change permission	2	change_permission
7	Can delete permission	2	delete_permission
8	Can view permission	2	view_permission
9	Can add group	3	add_group
10	Can change group	3	change_group
11	Can delete group	3	delete_group
12	Can view group	3	view_group
13	Can add user	4	add_user
14	Can change user	4	change_user
15	Can delete user	4	delete_user
16	Can view user	4	view_user
17	Can add content type	5	add_contenttype
18	Can change content type	5	change_contenttype
19	Can delete content type	5	delete_contenttype
20	Can view content type	5	view_contenttype
21	Can add session	6	add_session
22	Can change session	6	change_session
23	Can delete session	6	delete_session
24	Can view session	6	view_session
25	Can add Token	7	add_token
26	Can change Token	7	change_token
27	Can delete Token	7	delete_token
28	Can view Token	7	view_token
29	Can add Token	8	add_tokenproxy
30	Can change Token	8	change_tokenproxy
31	Can delete Token	8	delete_tokenproxy
32	Can view Token	8	view_tokenproxy
33	Can add department	9	add_department
34	Can change department	9	change_department
35	Can delete department	9	delete_department
36	Can view department	9	view_department
37	Can add document status	10	add_documentstatus
38	Can change document status	10	change_documentstatus
39	Can delete document status	10	delete_documentstatus
40	Can view document status	10	view_documentstatus
41	Can add document type	11	add_documenttype
42	Can change document type	11	change_documenttype
43	Can delete document type	11	delete_documenttype
44	Can view document type	11	view_documenttype
45	Can add user profile	12	add_userprofile
46	Can change user profile	12	change_userprofile
47	Can delete user profile	12	delete_userprofile
48	Can view user profile	12	view_userprofile
49	Can add document	13	add_document
50	Can change document	13	change_document
51	Can delete document	13	delete_document
52	Can view document	13	view_document
53	Can add audit log	14	add_auditlog
54	Can change audit log	14	change_auditlog
55	Can delete audit log	14	delete_auditlog
56	Can view audit log	14	view_auditlog
57	Can add confidentiality level	15	add_confidentialitylevel
58	Can change confidentiality level	15	change_confidentialitylevel
59	Can delete confidentiality level	15	delete_confidentialitylevel
60	Can view confidentiality level	15	view_confidentialitylevel
61	Can add notification type	16	add_notificationtype
62	Can change notification type	16	change_notificationtype
63	Can delete notification type	16	delete_notificationtype
64	Can view notification type	16	view_notificationtype
65	Can add notification	17	add_notification
66	Can change notification	17	change_notification
67	Can delete notification	17	delete_notification
68	Can view notification	17	view_notification
\.


--
-- Data for Name: auth_user; Type: TABLE DATA; Schema: public; Owner: tigran
--

COPY public.auth_user (id, password, last_login, is_superuser, username, first_name, last_name, email, is_staff, is_active, date_joined) FROM stdin;
1	pbkdf2_sha256$1000000$QRcx64A98wFHR2JRWqtv4j$CR8cUP0V2CcYfUxIus7G2y6xWHgzIbNuMr7rCo5CTKA=	\N	t	admin			admin@edcm.local	t	t	2026-02-09 20:07:45.119759+00
\.


--
-- Data for Name: auth_user_groups; Type: TABLE DATA; Schema: public; Owner: tigran
--

COPY public.auth_user_groups (id, user_id, group_id) FROM stdin;
\.


--
-- Data for Name: auth_user_user_permissions; Type: TABLE DATA; Schema: public; Owner: tigran
--

COPY public.auth_user_user_permissions (id, user_id, permission_id) FROM stdin;
\.


--
-- Data for Name: authtoken_token; Type: TABLE DATA; Schema: public; Owner: tigran
--

COPY public.authtoken_token (key, created, user_id) FROM stdin;
bc4c5a673467050e6c2ad5599c44f7f392d033cf	2026-02-09 20:09:42.266574+00	1
\.


--
-- Data for Name: django_admin_log; Type: TABLE DATA; Schema: public; Owner: tigran
--

COPY public.django_admin_log (id, action_time, object_id, object_repr, action_flag, change_message, content_type_id, user_id) FROM stdin;
\.


--
-- Data for Name: django_content_type; Type: TABLE DATA; Schema: public; Owner: tigran
--

COPY public.django_content_type (id, app_label, model) FROM stdin;
1	admin	logentry
2	auth	permission
3	auth	group
4	auth	user
5	contenttypes	contenttype
6	sessions	session
7	authtoken	token
8	authtoken	tokenproxy
9	documents	department
10	documents	documentstatus
11	documents	documenttype
12	documents	userprofile
13	documents	document
14	documents	auditlog
15	documents	confidentialitylevel
16	documents	notificationtype
17	documents	notification
\.


--
-- Data for Name: django_migrations; Type: TABLE DATA; Schema: public; Owner: tigran
--

COPY public.django_migrations (id, app, name, applied) FROM stdin;
1	contenttypes	0001_initial	2026-02-09 20:07:43.519341+00
2	auth	0001_initial	2026-02-09 20:07:43.550133+00
3	admin	0001_initial	2026-02-09 20:07:43.557767+00
4	admin	0002_logentry_remove_auto_add	2026-02-09 20:07:43.560843+00
5	admin	0003_logentry_add_action_flag_choices	2026-02-09 20:07:43.563994+00
6	contenttypes	0002_remove_content_type_name	2026-02-09 20:07:43.571061+00
7	auth	0002_alter_permission_name_max_length	2026-02-09 20:07:43.574623+00
8	auth	0003_alter_user_email_max_length	2026-02-09 20:07:43.578857+00
9	auth	0004_alter_user_username_opts	2026-02-09 20:07:43.582502+00
10	auth	0005_alter_user_last_login_null	2026-02-09 20:07:43.585927+00
11	auth	0006_require_contenttypes_0002	2026-02-09 20:07:43.586538+00
12	auth	0007_alter_validators_add_error_messages	2026-02-09 20:07:43.589832+00
13	auth	0008_alter_user_username_max_length	2026-02-09 20:07:43.59446+00
14	auth	0009_alter_user_last_name_max_length	2026-02-09 20:07:43.59778+00
15	auth	0010_alter_group_name_max_length	2026-02-09 20:07:43.601262+00
16	auth	0011_update_proxy_permissions	2026-02-09 20:07:43.605382+00
17	auth	0012_alter_user_first_name_max_length	2026-02-09 20:07:43.608876+00
18	authtoken	0001_initial	2026-02-09 20:07:43.615574+00
19	authtoken	0002_auto_20160226_1747	2026-02-09 20:07:43.624896+00
20	authtoken	0003_tokenproxy	2026-02-09 20:07:43.626046+00
21	authtoken	0004_alter_tokenproxy_options	2026-02-09 20:07:43.627927+00
22	documents	0001_initial	2026-02-09 20:07:43.659164+00
23	documents	0002_confidentialitylevel_notificationtype_and_more	2026-02-09 20:07:43.738292+00
24	sessions	0001_initial	2026-02-09 20:07:43.743419+00
\.


--
-- Data for Name: django_session; Type: TABLE DATA; Schema: public; Owner: tigran
--

COPY public.django_session (session_key, session_data, expire_date) FROM stdin;
\.


--
-- Data for Name: documents_auditlog; Type: TABLE DATA; Schema: public; Owner: tigran
--

COPY public.documents_auditlog (id, action, "timestamp", details, document_id, user_id) FROM stdin;
\.


--
-- Data for Name: documents_confidentialitylevel; Type: TABLE DATA; Schema: public; Owner: tigran
--

COPY public.documents_confidentialitylevel (id, name, code) FROM stdin;
\.


--
-- Data for Name: documents_department; Type: TABLE DATA; Schema: public; Owner: tigran
--

COPY public.documents_department (id, name, description) FROM stdin;
\.


--
-- Data for Name: documents_document; Type: TABLE DATA; Schema: public; Owner: tigran
--

COPY public.documents_document (id, title, description, created_at, updated_at, due_date, creator_id, current_owner_id, department_id, document_type_id, status_id, external_reference, confidentiality_level_id) FROM stdin;
\.


--
-- Data for Name: documents_documentstatus; Type: TABLE DATA; Schema: public; Owner: tigran
--

COPY public.documents_documentstatus (id, name, code) FROM stdin;
\.


--
-- Data for Name: documents_documenttype; Type: TABLE DATA; Schema: public; Owner: tigran
--

COPY public.documents_documenttype (id, name, code) FROM stdin;
\.


--
-- Data for Name: documents_notification; Type: TABLE DATA; Schema: public; Owner: tigran
--

COPY public.documents_notification (id, is_read, created_at, payload, document_id, notification_type_id, user_id) FROM stdin;
\.


--
-- Data for Name: documents_notificationtype; Type: TABLE DATA; Schema: public; Owner: tigran
--

COPY public.documents_notificationtype (id, name, code) FROM stdin;
\.


--
-- Data for Name: documents_userprofile; Type: TABLE DATA; Schema: public; Owner: tigran
--

COPY public.documents_userprofile (id, role, department_id, user_id, full_name) FROM stdin;
1	Employee	\N	1	
\.


--
-- Name: auth_group_id_seq; Type: SEQUENCE SET; Schema: public; Owner: tigran
--

SELECT pg_catalog.setval('public.auth_group_id_seq', 1, false);


--
-- Name: auth_group_permissions_id_seq; Type: SEQUENCE SET; Schema: public; Owner: tigran
--

SELECT pg_catalog.setval('public.auth_group_permissions_id_seq', 1, false);


--
-- Name: auth_permission_id_seq; Type: SEQUENCE SET; Schema: public; Owner: tigran
--

SELECT pg_catalog.setval('public.auth_permission_id_seq', 68, true);


--
-- Name: auth_user_groups_id_seq; Type: SEQUENCE SET; Schema: public; Owner: tigran
--

SELECT pg_catalog.setval('public.auth_user_groups_id_seq', 1, false);


--
-- Name: auth_user_id_seq; Type: SEQUENCE SET; Schema: public; Owner: tigran
--

SELECT pg_catalog.setval('public.auth_user_id_seq', 1, true);


--
-- Name: auth_user_user_permissions_id_seq; Type: SEQUENCE SET; Schema: public; Owner: tigran
--

SELECT pg_catalog.setval('public.auth_user_user_permissions_id_seq', 1, false);


--
-- Name: django_admin_log_id_seq; Type: SEQUENCE SET; Schema: public; Owner: tigran
--

SELECT pg_catalog.setval('public.django_admin_log_id_seq', 1, false);


--
-- Name: django_content_type_id_seq; Type: SEQUENCE SET; Schema: public; Owner: tigran
--

SELECT pg_catalog.setval('public.django_content_type_id_seq', 17, true);


--
-- Name: django_migrations_id_seq; Type: SEQUENCE SET; Schema: public; Owner: tigran
--

SELECT pg_catalog.setval('public.django_migrations_id_seq', 24, true);


--
-- Name: documents_auditlog_id_seq; Type: SEQUENCE SET; Schema: public; Owner: tigran
--

SELECT pg_catalog.setval('public.documents_auditlog_id_seq', 1, false);


--
-- Name: documents_confidentialitylevel_id_seq; Type: SEQUENCE SET; Schema: public; Owner: tigran
--

SELECT pg_catalog.setval('public.documents_confidentialitylevel_id_seq', 1, false);


--
-- Name: documents_department_id_seq; Type: SEQUENCE SET; Schema: public; Owner: tigran
--

SELECT pg_catalog.setval('public.documents_department_id_seq', 1, false);


--
-- Name: documents_document_id_seq; Type: SEQUENCE SET; Schema: public; Owner: tigran
--

SELECT pg_catalog.setval('public.documents_document_id_seq', 1, false);


--
-- Name: documents_documentstatus_id_seq; Type: SEQUENCE SET; Schema: public; Owner: tigran
--

SELECT pg_catalog.setval('public.documents_documentstatus_id_seq', 1, false);


--
-- Name: documents_documenttype_id_seq; Type: SEQUENCE SET; Schema: public; Owner: tigran
--

SELECT pg_catalog.setval('public.documents_documenttype_id_seq', 1, false);


--
-- Name: documents_notification_id_seq; Type: SEQUENCE SET; Schema: public; Owner: tigran
--

SELECT pg_catalog.setval('public.documents_notification_id_seq', 1, false);


--
-- Name: documents_notificationtype_id_seq; Type: SEQUENCE SET; Schema: public; Owner: tigran
--

SELECT pg_catalog.setval('public.documents_notificationtype_id_seq', 1, false);


--
-- Name: documents_userprofile_id_seq; Type: SEQUENCE SET; Schema: public; Owner: tigran
--

SELECT pg_catalog.setval('public.documents_userprofile_id_seq', 1, true);


--
-- Name: auth_group auth_group_name_key; Type: CONSTRAINT; Schema: public; Owner: tigran
--

ALTER TABLE ONLY public.auth_group
    ADD CONSTRAINT auth_group_name_key UNIQUE (name);


--
-- Name: auth_group_permissions auth_group_permissions_group_id_permission_id_0cd325b0_uniq; Type: CONSTRAINT; Schema: public; Owner: tigran
--

ALTER TABLE ONLY public.auth_group_permissions
    ADD CONSTRAINT auth_group_permissions_group_id_permission_id_0cd325b0_uniq UNIQUE (group_id, permission_id);


--
-- Name: auth_group_permissions auth_group_permissions_pkey; Type: CONSTRAINT; Schema: public; Owner: tigran
--

ALTER TABLE ONLY public.auth_group_permissions
    ADD CONSTRAINT auth_group_permissions_pkey PRIMARY KEY (id);


--
-- Name: auth_group auth_group_pkey; Type: CONSTRAINT; Schema: public; Owner: tigran
--

ALTER TABLE ONLY public.auth_group
    ADD CONSTRAINT auth_group_pkey PRIMARY KEY (id);


--
-- Name: auth_permission auth_permission_content_type_id_codename_01ab375a_uniq; Type: CONSTRAINT; Schema: public; Owner: tigran
--

ALTER TABLE ONLY public.auth_permission
    ADD CONSTRAINT auth_permission_content_type_id_codename_01ab375a_uniq UNIQUE (content_type_id, codename);


--
-- Name: auth_permission auth_permission_pkey; Type: CONSTRAINT; Schema: public; Owner: tigran
--

ALTER TABLE ONLY public.auth_permission
    ADD CONSTRAINT auth_permission_pkey PRIMARY KEY (id);


--
-- Name: auth_user_groups auth_user_groups_pkey; Type: CONSTRAINT; Schema: public; Owner: tigran
--

ALTER TABLE ONLY public.auth_user_groups
    ADD CONSTRAINT auth_user_groups_pkey PRIMARY KEY (id);


--
-- Name: auth_user_groups auth_user_groups_user_id_group_id_94350c0c_uniq; Type: CONSTRAINT; Schema: public; Owner: tigran
--

ALTER TABLE ONLY public.auth_user_groups
    ADD CONSTRAINT auth_user_groups_user_id_group_id_94350c0c_uniq UNIQUE (user_id, group_id);


--
-- Name: auth_user auth_user_pkey; Type: CONSTRAINT; Schema: public; Owner: tigran
--

ALTER TABLE ONLY public.auth_user
    ADD CONSTRAINT auth_user_pkey PRIMARY KEY (id);


--
-- Name: auth_user_user_permissions auth_user_user_permissions_pkey; Type: CONSTRAINT; Schema: public; Owner: tigran
--

ALTER TABLE ONLY public.auth_user_user_permissions
    ADD CONSTRAINT auth_user_user_permissions_pkey PRIMARY KEY (id);


--
-- Name: auth_user_user_permissions auth_user_user_permissions_user_id_permission_id_14a6b632_uniq; Type: CONSTRAINT; Schema: public; Owner: tigran
--

ALTER TABLE ONLY public.auth_user_user_permissions
    ADD CONSTRAINT auth_user_user_permissions_user_id_permission_id_14a6b632_uniq UNIQUE (user_id, permission_id);


--
-- Name: auth_user auth_user_username_key; Type: CONSTRAINT; Schema: public; Owner: tigran
--

ALTER TABLE ONLY public.auth_user
    ADD CONSTRAINT auth_user_username_key UNIQUE (username);


--
-- Name: authtoken_token authtoken_token_pkey; Type: CONSTRAINT; Schema: public; Owner: tigran
--

ALTER TABLE ONLY public.authtoken_token
    ADD CONSTRAINT authtoken_token_pkey PRIMARY KEY (key);


--
-- Name: authtoken_token authtoken_token_user_id_key; Type: CONSTRAINT; Schema: public; Owner: tigran
--

ALTER TABLE ONLY public.authtoken_token
    ADD CONSTRAINT authtoken_token_user_id_key UNIQUE (user_id);


--
-- Name: django_admin_log django_admin_log_pkey; Type: CONSTRAINT; Schema: public; Owner: tigran
--

ALTER TABLE ONLY public.django_admin_log
    ADD CONSTRAINT django_admin_log_pkey PRIMARY KEY (id);


--
-- Name: django_content_type django_content_type_app_label_model_76bd3d3b_uniq; Type: CONSTRAINT; Schema: public; Owner: tigran
--

ALTER TABLE ONLY public.django_content_type
    ADD CONSTRAINT django_content_type_app_label_model_76bd3d3b_uniq UNIQUE (app_label, model);


--
-- Name: django_content_type django_content_type_pkey; Type: CONSTRAINT; Schema: public; Owner: tigran
--

ALTER TABLE ONLY public.django_content_type
    ADD CONSTRAINT django_content_type_pkey PRIMARY KEY (id);


--
-- Name: django_migrations django_migrations_pkey; Type: CONSTRAINT; Schema: public; Owner: tigran
--

ALTER TABLE ONLY public.django_migrations
    ADD CONSTRAINT django_migrations_pkey PRIMARY KEY (id);


--
-- Name: django_session django_session_pkey; Type: CONSTRAINT; Schema: public; Owner: tigran
--

ALTER TABLE ONLY public.django_session
    ADD CONSTRAINT django_session_pkey PRIMARY KEY (session_key);


--
-- Name: documents_auditlog documents_auditlog_pkey; Type: CONSTRAINT; Schema: public; Owner: tigran
--

ALTER TABLE ONLY public.documents_auditlog
    ADD CONSTRAINT documents_auditlog_pkey PRIMARY KEY (id);


--
-- Name: documents_confidentialitylevel documents_confidentialitylevel_code_key; Type: CONSTRAINT; Schema: public; Owner: tigran
--

ALTER TABLE ONLY public.documents_confidentialitylevel
    ADD CONSTRAINT documents_confidentialitylevel_code_key UNIQUE (code);


--
-- Name: documents_confidentialitylevel documents_confidentialitylevel_pkey; Type: CONSTRAINT; Schema: public; Owner: tigran
--

ALTER TABLE ONLY public.documents_confidentialitylevel
    ADD CONSTRAINT documents_confidentialitylevel_pkey PRIMARY KEY (id);


--
-- Name: documents_department documents_department_name_ab41463a_uniq; Type: CONSTRAINT; Schema: public; Owner: tigran
--

ALTER TABLE ONLY public.documents_department
    ADD CONSTRAINT documents_department_name_ab41463a_uniq UNIQUE (name);


--
-- Name: documents_department documents_department_pkey; Type: CONSTRAINT; Schema: public; Owner: tigran
--

ALTER TABLE ONLY public.documents_department
    ADD CONSTRAINT documents_department_pkey PRIMARY KEY (id);


--
-- Name: documents_document documents_document_pkey; Type: CONSTRAINT; Schema: public; Owner: tigran
--

ALTER TABLE ONLY public.documents_document
    ADD CONSTRAINT documents_document_pkey PRIMARY KEY (id);


--
-- Name: documents_documentstatus documents_documentstatus_code_key; Type: CONSTRAINT; Schema: public; Owner: tigran
--

ALTER TABLE ONLY public.documents_documentstatus
    ADD CONSTRAINT documents_documentstatus_code_key UNIQUE (code);


--
-- Name: documents_documentstatus documents_documentstatus_pkey; Type: CONSTRAINT; Schema: public; Owner: tigran
--

ALTER TABLE ONLY public.documents_documentstatus
    ADD CONSTRAINT documents_documentstatus_pkey PRIMARY KEY (id);


--
-- Name: documents_documenttype documents_documenttype_code_key; Type: CONSTRAINT; Schema: public; Owner: tigran
--

ALTER TABLE ONLY public.documents_documenttype
    ADD CONSTRAINT documents_documenttype_code_key UNIQUE (code);


--
-- Name: documents_documenttype documents_documenttype_pkey; Type: CONSTRAINT; Schema: public; Owner: tigran
--

ALTER TABLE ONLY public.documents_documenttype
    ADD CONSTRAINT documents_documenttype_pkey PRIMARY KEY (id);


--
-- Name: documents_notification documents_notification_pkey; Type: CONSTRAINT; Schema: public; Owner: tigran
--

ALTER TABLE ONLY public.documents_notification
    ADD CONSTRAINT documents_notification_pkey PRIMARY KEY (id);


--
-- Name: documents_notificationtype documents_notificationtype_code_key; Type: CONSTRAINT; Schema: public; Owner: tigran
--

ALTER TABLE ONLY public.documents_notificationtype
    ADD CONSTRAINT documents_notificationtype_code_key UNIQUE (code);


--
-- Name: documents_notificationtype documents_notificationtype_pkey; Type: CONSTRAINT; Schema: public; Owner: tigran
--

ALTER TABLE ONLY public.documents_notificationtype
    ADD CONSTRAINT documents_notificationtype_pkey PRIMARY KEY (id);


--
-- Name: documents_userprofile documents_userprofile_pkey; Type: CONSTRAINT; Schema: public; Owner: tigran
--

ALTER TABLE ONLY public.documents_userprofile
    ADD CONSTRAINT documents_userprofile_pkey PRIMARY KEY (id);


--
-- Name: documents_userprofile documents_userprofile_user_id_key; Type: CONSTRAINT; Schema: public; Owner: tigran
--

ALTER TABLE ONLY public.documents_userprofile
    ADD CONSTRAINT documents_userprofile_user_id_key UNIQUE (user_id);


--
-- Name: auth_group_name_a6ea08ec_like; Type: INDEX; Schema: public; Owner: tigran
--

CREATE INDEX auth_group_name_a6ea08ec_like ON public.auth_group USING btree (name varchar_pattern_ops);


--
-- Name: auth_group_permissions_group_id_b120cbf9; Type: INDEX; Schema: public; Owner: tigran
--

CREATE INDEX auth_group_permissions_group_id_b120cbf9 ON public.auth_group_permissions USING btree (group_id);


--
-- Name: auth_group_permissions_permission_id_84c5c92e; Type: INDEX; Schema: public; Owner: tigran
--

CREATE INDEX auth_group_permissions_permission_id_84c5c92e ON public.auth_group_permissions USING btree (permission_id);


--
-- Name: auth_permission_content_type_id_2f476e4b; Type: INDEX; Schema: public; Owner: tigran
--

CREATE INDEX auth_permission_content_type_id_2f476e4b ON public.auth_permission USING btree (content_type_id);


--
-- Name: auth_user_groups_group_id_97559544; Type: INDEX; Schema: public; Owner: tigran
--

CREATE INDEX auth_user_groups_group_id_97559544 ON public.auth_user_groups USING btree (group_id);


--
-- Name: auth_user_groups_user_id_6a12ed8b; Type: INDEX; Schema: public; Owner: tigran
--

CREATE INDEX auth_user_groups_user_id_6a12ed8b ON public.auth_user_groups USING btree (user_id);


--
-- Name: auth_user_user_permissions_permission_id_1fbb5f2c; Type: INDEX; Schema: public; Owner: tigran
--

CREATE INDEX auth_user_user_permissions_permission_id_1fbb5f2c ON public.auth_user_user_permissions USING btree (permission_id);


--
-- Name: auth_user_user_permissions_user_id_a95ead1b; Type: INDEX; Schema: public; Owner: tigran
--

CREATE INDEX auth_user_user_permissions_user_id_a95ead1b ON public.auth_user_user_permissions USING btree (user_id);


--
-- Name: auth_user_username_6821ab7c_like; Type: INDEX; Schema: public; Owner: tigran
--

CREATE INDEX auth_user_username_6821ab7c_like ON public.auth_user USING btree (username varchar_pattern_ops);


--
-- Name: authtoken_token_key_10f0b77e_like; Type: INDEX; Schema: public; Owner: tigran
--

CREATE INDEX authtoken_token_key_10f0b77e_like ON public.authtoken_token USING btree (key varchar_pattern_ops);


--
-- Name: django_admin_log_content_type_id_c4bce8eb; Type: INDEX; Schema: public; Owner: tigran
--

CREATE INDEX django_admin_log_content_type_id_c4bce8eb ON public.django_admin_log USING btree (content_type_id);


--
-- Name: django_admin_log_user_id_c564eba6; Type: INDEX; Schema: public; Owner: tigran
--

CREATE INDEX django_admin_log_user_id_c564eba6 ON public.django_admin_log USING btree (user_id);


--
-- Name: django_session_expire_date_a5c62663; Type: INDEX; Schema: public; Owner: tigran
--

CREATE INDEX django_session_expire_date_a5c62663 ON public.django_session USING btree (expire_date);


--
-- Name: django_session_session_key_c0390e0f_like; Type: INDEX; Schema: public; Owner: tigran
--

CREATE INDEX django_session_session_key_c0390e0f_like ON public.django_session USING btree (session_key varchar_pattern_ops);


--
-- Name: documents_auditlog_document_id_54145dfe; Type: INDEX; Schema: public; Owner: tigran
--

CREATE INDEX documents_auditlog_document_id_54145dfe ON public.documents_auditlog USING btree (document_id);


--
-- Name: documents_auditlog_user_id_6c1138ae; Type: INDEX; Schema: public; Owner: tigran
--

CREATE INDEX documents_auditlog_user_id_6c1138ae ON public.documents_auditlog USING btree (user_id);


--
-- Name: documents_confidentialitylevel_code_a6d76e02_like; Type: INDEX; Schema: public; Owner: tigran
--

CREATE INDEX documents_confidentialitylevel_code_a6d76e02_like ON public.documents_confidentialitylevel USING btree (code varchar_pattern_ops);


--
-- Name: documents_department_name_ab41463a_like; Type: INDEX; Schema: public; Owner: tigran
--

CREATE INDEX documents_department_name_ab41463a_like ON public.documents_department USING btree (name varchar_pattern_ops);


--
-- Name: documents_document_confidentiality_level_id_97f8d3bd; Type: INDEX; Schema: public; Owner: tigran
--

CREATE INDEX documents_document_confidentiality_level_id_97f8d3bd ON public.documents_document USING btree (confidentiality_level_id);


--
-- Name: documents_document_creator_id_e53c7296; Type: INDEX; Schema: public; Owner: tigran
--

CREATE INDEX documents_document_creator_id_e53c7296 ON public.documents_document USING btree (creator_id);


--
-- Name: documents_document_current_owner_id_7a8a01c9; Type: INDEX; Schema: public; Owner: tigran
--

CREATE INDEX documents_document_current_owner_id_7a8a01c9 ON public.documents_document USING btree (current_owner_id);


--
-- Name: documents_document_department_id_2687ca96; Type: INDEX; Schema: public; Owner: tigran
--

CREATE INDEX documents_document_department_id_2687ca96 ON public.documents_document USING btree (department_id);


--
-- Name: documents_document_document_type_id_1f88b50c; Type: INDEX; Schema: public; Owner: tigran
--

CREATE INDEX documents_document_document_type_id_1f88b50c ON public.documents_document USING btree (document_type_id);


--
-- Name: documents_document_status_id_2c48e2fc; Type: INDEX; Schema: public; Owner: tigran
--

CREATE INDEX documents_document_status_id_2c48e2fc ON public.documents_document USING btree (status_id);


--
-- Name: documents_documentstatus_code_18db3e4d_like; Type: INDEX; Schema: public; Owner: tigran
--

CREATE INDEX documents_documentstatus_code_18db3e4d_like ON public.documents_documentstatus USING btree (code varchar_pattern_ops);


--
-- Name: documents_documenttype_code_5a642277_like; Type: INDEX; Schema: public; Owner: tigran
--

CREATE INDEX documents_documenttype_code_5a642277_like ON public.documents_documenttype USING btree (code varchar_pattern_ops);


--
-- Name: documents_notification_document_id_3f32b43c; Type: INDEX; Schema: public; Owner: tigran
--

CREATE INDEX documents_notification_document_id_3f32b43c ON public.documents_notification USING btree (document_id);


--
-- Name: documents_notification_notification_type_id_07f124f2; Type: INDEX; Schema: public; Owner: tigran
--

CREATE INDEX documents_notification_notification_type_id_07f124f2 ON public.documents_notification USING btree (notification_type_id);


--
-- Name: documents_notification_user_id_e1b27284; Type: INDEX; Schema: public; Owner: tigran
--

CREATE INDEX documents_notification_user_id_e1b27284 ON public.documents_notification USING btree (user_id);


--
-- Name: documents_notificationtype_code_78196d8d_like; Type: INDEX; Schema: public; Owner: tigran
--

CREATE INDEX documents_notificationtype_code_78196d8d_like ON public.documents_notificationtype USING btree (code varchar_pattern_ops);


--
-- Name: documents_userprofile_department_id_5c3599f0; Type: INDEX; Schema: public; Owner: tigran
--

CREATE INDEX documents_userprofile_department_id_5c3599f0 ON public.documents_userprofile USING btree (department_id);


--
-- Name: auth_group_permissions auth_group_permissio_permission_id_84c5c92e_fk_auth_perm; Type: FK CONSTRAINT; Schema: public; Owner: tigran
--

ALTER TABLE ONLY public.auth_group_permissions
    ADD CONSTRAINT auth_group_permissio_permission_id_84c5c92e_fk_auth_perm FOREIGN KEY (permission_id) REFERENCES public.auth_permission(id) DEFERRABLE INITIALLY DEFERRED;


--
-- Name: auth_group_permissions auth_group_permissions_group_id_b120cbf9_fk_auth_group_id; Type: FK CONSTRAINT; Schema: public; Owner: tigran
--

ALTER TABLE ONLY public.auth_group_permissions
    ADD CONSTRAINT auth_group_permissions_group_id_b120cbf9_fk_auth_group_id FOREIGN KEY (group_id) REFERENCES public.auth_group(id) DEFERRABLE INITIALLY DEFERRED;


--
-- Name: auth_permission auth_permission_content_type_id_2f476e4b_fk_django_co; Type: FK CONSTRAINT; Schema: public; Owner: tigran
--

ALTER TABLE ONLY public.auth_permission
    ADD CONSTRAINT auth_permission_content_type_id_2f476e4b_fk_django_co FOREIGN KEY (content_type_id) REFERENCES public.django_content_type(id) DEFERRABLE INITIALLY DEFERRED;


--
-- Name: auth_user_groups auth_user_groups_group_id_97559544_fk_auth_group_id; Type: FK CONSTRAINT; Schema: public; Owner: tigran
--

ALTER TABLE ONLY public.auth_user_groups
    ADD CONSTRAINT auth_user_groups_group_id_97559544_fk_auth_group_id FOREIGN KEY (group_id) REFERENCES public.auth_group(id) DEFERRABLE INITIALLY DEFERRED;


--
-- Name: auth_user_groups auth_user_groups_user_id_6a12ed8b_fk_auth_user_id; Type: FK CONSTRAINT; Schema: public; Owner: tigran
--

ALTER TABLE ONLY public.auth_user_groups
    ADD CONSTRAINT auth_user_groups_user_id_6a12ed8b_fk_auth_user_id FOREIGN KEY (user_id) REFERENCES public.auth_user(id) DEFERRABLE INITIALLY DEFERRED;


--
-- Name: auth_user_user_permissions auth_user_user_permi_permission_id_1fbb5f2c_fk_auth_perm; Type: FK CONSTRAINT; Schema: public; Owner: tigran
--

ALTER TABLE ONLY public.auth_user_user_permissions
    ADD CONSTRAINT auth_user_user_permi_permission_id_1fbb5f2c_fk_auth_perm FOREIGN KEY (permission_id) REFERENCES public.auth_permission(id) DEFERRABLE INITIALLY DEFERRED;


--
-- Name: auth_user_user_permissions auth_user_user_permissions_user_id_a95ead1b_fk_auth_user_id; Type: FK CONSTRAINT; Schema: public; Owner: tigran
--

ALTER TABLE ONLY public.auth_user_user_permissions
    ADD CONSTRAINT auth_user_user_permissions_user_id_a95ead1b_fk_auth_user_id FOREIGN KEY (user_id) REFERENCES public.auth_user(id) DEFERRABLE INITIALLY DEFERRED;


--
-- Name: authtoken_token authtoken_token_user_id_35299eff_fk_auth_user_id; Type: FK CONSTRAINT; Schema: public; Owner: tigran
--

ALTER TABLE ONLY public.authtoken_token
    ADD CONSTRAINT authtoken_token_user_id_35299eff_fk_auth_user_id FOREIGN KEY (user_id) REFERENCES public.auth_user(id) DEFERRABLE INITIALLY DEFERRED;


--
-- Name: django_admin_log django_admin_log_content_type_id_c4bce8eb_fk_django_co; Type: FK CONSTRAINT; Schema: public; Owner: tigran
--

ALTER TABLE ONLY public.django_admin_log
    ADD CONSTRAINT django_admin_log_content_type_id_c4bce8eb_fk_django_co FOREIGN KEY (content_type_id) REFERENCES public.django_content_type(id) DEFERRABLE INITIALLY DEFERRED;


--
-- Name: django_admin_log django_admin_log_user_id_c564eba6_fk_auth_user_id; Type: FK CONSTRAINT; Schema: public; Owner: tigran
--

ALTER TABLE ONLY public.django_admin_log
    ADD CONSTRAINT django_admin_log_user_id_c564eba6_fk_auth_user_id FOREIGN KEY (user_id) REFERENCES public.auth_user(id) DEFERRABLE INITIALLY DEFERRED;


--
-- Name: documents_auditlog documents_auditlog_document_id_54145dfe_fk_documents; Type: FK CONSTRAINT; Schema: public; Owner: tigran
--

ALTER TABLE ONLY public.documents_auditlog
    ADD CONSTRAINT documents_auditlog_document_id_54145dfe_fk_documents FOREIGN KEY (document_id) REFERENCES public.documents_document(id) DEFERRABLE INITIALLY DEFERRED;


--
-- Name: documents_auditlog documents_auditlog_user_id_6c1138ae_fk_auth_user_id; Type: FK CONSTRAINT; Schema: public; Owner: tigran
--

ALTER TABLE ONLY public.documents_auditlog
    ADD CONSTRAINT documents_auditlog_user_id_6c1138ae_fk_auth_user_id FOREIGN KEY (user_id) REFERENCES public.auth_user(id) DEFERRABLE INITIALLY DEFERRED;


--
-- Name: documents_document documents_document_confidentiality_leve_97f8d3bd_fk_documents; Type: FK CONSTRAINT; Schema: public; Owner: tigran
--

ALTER TABLE ONLY public.documents_document
    ADD CONSTRAINT documents_document_confidentiality_leve_97f8d3bd_fk_documents FOREIGN KEY (confidentiality_level_id) REFERENCES public.documents_confidentialitylevel(id) DEFERRABLE INITIALLY DEFERRED;


--
-- Name: documents_document documents_document_creator_id_e53c7296_fk_auth_user_id; Type: FK CONSTRAINT; Schema: public; Owner: tigran
--

ALTER TABLE ONLY public.documents_document
    ADD CONSTRAINT documents_document_creator_id_e53c7296_fk_auth_user_id FOREIGN KEY (creator_id) REFERENCES public.auth_user(id) DEFERRABLE INITIALLY DEFERRED;


--
-- Name: documents_document documents_document_current_owner_id_7a8a01c9_fk_auth_user_id; Type: FK CONSTRAINT; Schema: public; Owner: tigran
--

ALTER TABLE ONLY public.documents_document
    ADD CONSTRAINT documents_document_current_owner_id_7a8a01c9_fk_auth_user_id FOREIGN KEY (current_owner_id) REFERENCES public.auth_user(id) DEFERRABLE INITIALLY DEFERRED;


--
-- Name: documents_document documents_document_department_id_2687ca96_fk_documents; Type: FK CONSTRAINT; Schema: public; Owner: tigran
--

ALTER TABLE ONLY public.documents_document
    ADD CONSTRAINT documents_document_department_id_2687ca96_fk_documents FOREIGN KEY (department_id) REFERENCES public.documents_department(id) DEFERRABLE INITIALLY DEFERRED;


--
-- Name: documents_document documents_document_document_type_id_1f88b50c_fk_documents; Type: FK CONSTRAINT; Schema: public; Owner: tigran
--

ALTER TABLE ONLY public.documents_document
    ADD CONSTRAINT documents_document_document_type_id_1f88b50c_fk_documents FOREIGN KEY (document_type_id) REFERENCES public.documents_documenttype(id) DEFERRABLE INITIALLY DEFERRED;


--
-- Name: documents_document documents_document_status_id_2c48e2fc_fk_documents; Type: FK CONSTRAINT; Schema: public; Owner: tigran
--

ALTER TABLE ONLY public.documents_document
    ADD CONSTRAINT documents_document_status_id_2c48e2fc_fk_documents FOREIGN KEY (status_id) REFERENCES public.documents_documentstatus(id) DEFERRABLE INITIALLY DEFERRED;


--
-- Name: documents_notification documents_notificati_document_id_3f32b43c_fk_documents; Type: FK CONSTRAINT; Schema: public; Owner: tigran
--

ALTER TABLE ONLY public.documents_notification
    ADD CONSTRAINT documents_notificati_document_id_3f32b43c_fk_documents FOREIGN KEY (document_id) REFERENCES public.documents_document(id) DEFERRABLE INITIALLY DEFERRED;


--
-- Name: documents_notification documents_notificati_notification_type_id_07f124f2_fk_documents; Type: FK CONSTRAINT; Schema: public; Owner: tigran
--

ALTER TABLE ONLY public.documents_notification
    ADD CONSTRAINT documents_notificati_notification_type_id_07f124f2_fk_documents FOREIGN KEY (notification_type_id) REFERENCES public.documents_notificationtype(id) DEFERRABLE INITIALLY DEFERRED;


--
-- Name: documents_notification documents_notification_user_id_e1b27284_fk_auth_user_id; Type: FK CONSTRAINT; Schema: public; Owner: tigran
--

ALTER TABLE ONLY public.documents_notification
    ADD CONSTRAINT documents_notification_user_id_e1b27284_fk_auth_user_id FOREIGN KEY (user_id) REFERENCES public.auth_user(id) DEFERRABLE INITIALLY DEFERRED;


--
-- Name: documents_userprofile documents_userprofil_department_id_5c3599f0_fk_documents; Type: FK CONSTRAINT; Schema: public; Owner: tigran
--

ALTER TABLE ONLY public.documents_userprofile
    ADD CONSTRAINT documents_userprofil_department_id_5c3599f0_fk_documents FOREIGN KEY (department_id) REFERENCES public.documents_department(id) DEFERRABLE INITIALLY DEFERRED;


--
-- Name: documents_userprofile documents_userprofile_user_id_545feba7_fk_auth_user_id; Type: FK CONSTRAINT; Schema: public; Owner: tigran
--

ALTER TABLE ONLY public.documents_userprofile
    ADD CONSTRAINT documents_userprofile_user_id_545feba7_fk_auth_user_id FOREIGN KEY (user_id) REFERENCES public.auth_user(id) DEFERRABLE INITIALLY DEFERRED;


--
-- PostgreSQL database dump complete
--

\unrestrict eANTWIETExb8zrkFaeHvgZQoTrHvlafpLKBsifsm1Pw09JVGg53mP1kDw7BjQTc

